Capacity,Optimization,Best Response,Replicator Dynamics,Fictitious Play,MCTS,Allocation Algorithm
1009,0.0,71447.4363711421,72505.2107749175,78824.01399323226,65798.12964161148,64388.5244397151
1013,0.0,114755.49340426784,115180.38354543618,98516.2704896969,106702.86107562431,89761.26654307451
1019,0.0,154743.7452806516,140496.83807179547,119223.11426304134,133320.75612923646,134611.48879656938
1021,0.0,71020.84484287369,69146.1039732568,77756.95900273019,69899.95513661293,75281.71880473456
1031,0.0,107031.09450629067,96242.52112860543,96327.11890010521,103052.1676015086,89602.00454372658
1033,0.0,113444.27719777495,125406.96177270985,106454.59489699335,128552.31578554926,113264.4219139783
1039,0.0,62301.43942324344,73781.7717261036,56340.267168157894,65140.380098395064,71523.15232716479
1049,0.0,105532.07711075657,102433.01120796733,102394.23360288,115067.00869532058,93879.05356330986
1051,0.0,104057.95681368638,124085.1453788686,110592.06634486027,110170.5670651986,108252.93022855581
1061,0.0,78954.16327704846,71172.63222719738,77251.64589320323,66492.61043186864,77849.21502864026
1063,0.0,113204.22144259422,100113.2025811515,132313.5773416551,125931.34990336388,97008.55305858243
1069,0.0,157874.6968202537,161054.99175936313,149913.20727925756,155363.590905083,151930.4258928917
1087,0.0,79280.25117036038,94108.32413626535,70154.41451121382,91233.70655270026,73423.02870848204
1091,0.0,153513.2033278115,132280.45431349674,124837.95710472412,143805.10375172528,144888.64232056492
1093,0.0,116968.20850363256,127892.0085711324,94487.7993192095,97704.78018412979,110312.65441629663
1097,0.0,90458.19615882577,106957.07122345267,85015.61373395966,112670.70147968657,104360.50500176712
1103,0.0,128968.96999714192,140012.6821665712,121659.50964502993,126473.29093021854,105940.55383820918
1109,0.0,112136.78712045717,104681.62922060456,118176.42162260288,102310.87387045303,107684.6287487099
1117,0.0,102765.88270211544,94352.72767422882,94603.43407930326,96432.5165955156,90996.59052244812
1123,0.0,139111.06473961368,160015.13794083928,139125.32318163337,167049.21897936144,176697.34574753503
1129,0.0,110708.15130870238,115854.68814798263,123503.1779418756,113991.6303532791,115210.4985177007
1151,0.0,125004.03427816303,108694.64605627129,106191.96211562253,110307.57185439579,116716.68610192691
1153,0.0,54766.432746572085,67786.47052233954,61660.518469153394,51192.219301335244,55808.55748340982
1163,0.0,143901.40764978353,122362.27038094471,141559.2498738362,148244.96169557577,138204.8785321123
1171,0.0,101283.0299302776,106153.60025813649,15894.971738205393,106036.6111229941,102728.46423462304
1181,0.0,85530.48696504177,90870.2075059441,82587.68385586503,107074.73196526841,85608.74063094993
1187,0.0,119730.19307362824,107655.6810240555,103907.3430061697,131744.12558220312,116713.84331964473
1193,0.0,77991.34296808425,98610.33207137507,80989.03166317841,108016.38824617556,75079.89358484015
1201,0.0,103579.24948302822,99518.28676039436,116517.28136710674,92813.37787128627,104761.26828172329
1213,0.0,121899.65833612496,151360.95447890885,135821.1384884298,126729.68545667968,119291.17626208141
1217,0.0,105875.8988401566,85906.53774926976,100972.15033548271,93180.63265479196,106060.6167478796
1223,0.0,114373.50830357175,137900.4914154425,32484.956538490896,143814.41263792122,124084.1398345206
1229,0.0,103490.51519549686,101962.07827742031,18229.613568952027,103739.40859278553,97703.73366764524
1231,0.0,105127.22152273121,165315.126695206,142337.66763819157,142254.47718048698,177482.54498928055
1237,0.0,93836.56707798949,100561.28494873422,94323.76366230841,103447.3890823238,94209.9735158103
1249,0.0,116537.95687066947,109177.62947838541,120814.61266478257,111151.97146537571,111564.62067639251
1259,0.0,87161.59468783066,108021.98079918619,102985.38943498276,104260.8846767219,94193.02118073613
1277,0.0,109393.87405773393,133869.04322130603,118301.55538373848,105720.93048581775,113788.35632943353
1279,0.0,90735.54954071523,117214.34690623936,111530.24077956844,101553.5549157616,95405.58163091245
1283,0.0,107256.17220679582,102149.97812101484,88870.1391472264,97616.94387475401,116798.84088462562
1289,0.0,94834.12276220266,97491.31350962658,95543.99790893552,78144.20120362216,91000.97067401343
1291,0.0,100529.07937642392,92242.64541833717,90528.6943022348,112597.63420618403,101340.90777731156
1297,0.0,139995.0868951475,100558.19784625937,119825.68775615492,139481.97004439266,104525.72086198723
1301,0.0,96298.23294684061,114379.15134630972,91584.41965252998,104102.45419182477,100018.69832974023
1303,0.0,96372.38106459113,110585.2965158163,102711.79936831712,77987.15180840385,85295.32034334433
1307,0.0,91408.68466081958,94725.16182264694,90234.58116534463,108217.62984202172,98101.87889186475
1319,0.0,93259.96494486865,96837.9575974216,97140.7050304142,101634.92308634495,86122.88413839943
1321,0.0,100290.38728674925,117173.16406386913,119195.08831192143,133924.29536946226,103871.84819332341
1327,0.0,110619.57519860633,125935.77677215173,112050.75753427311,130920.58663766575,120092.05404166073
1361,0.0,143112.65404960164,160430.57567462,128874.85257006511,111835.23737046662,16446.64965136351
1367,0.0,111471.72443981306,81104.36746074741,99687.30765422198,106661.42368194979,91391.33590796318
1373,0.0,120176.12194703743,118010.70049464182,118598.41453849318,143646.50347735317,128319.44999721933
1381,0.0,116450.00810548826,127443.22311014633,108635.0048358794,130333.50906728819,118042.37231841743
1399,0.0,131998.36624620904,138039.6151464089,133119.68122885466,143587.5011717244,148658.90160120628
1409,0.0,119547.55741663821,138320.4186858974,132306.4471817481,121788.95519440877,140432.5583254324
1423,0.0,91131.02407040766,95070.49639640587,89155.93584042204,99353.10606804256,102459.77338109868
1427,0.0,107444.19407442589,107267.8461848873,111476.71967588735,113436.75881590522,98901.4648759597
1429,0.0,107003.24672522952,101241.04862818371,94281.23533018961,102059.96864044204,100161.07735820144
1433,0.0,120023.14358721624,110513.38936139678,113797.17111831531,105549.03184012616,111580.72470077343
1439,167996.80458969716,185544.67596217443,183944.3358023189,188431.73490512682,189857.50069395974,192539.75639429022
1447,0.0,135364.67454402035,140165.42360753423,126972.85809077891,129725.63372061992,140563.947537225
1451,0.0,107501.22058991127,104691.22580922101,111186.01276275783,100040.60661052237,5671.025478907258
1453,0.0,71630.00489458548,83735.98694435711,73510.99685172927,74079.60725015226,85970.40186145551
1459,0.0,149805.47875881722,135748.87514657385,132165.98134399366,130024.1229048144,124150.38936460912
1471,0.0,130357.72921041904,136171.88203564484,135606.39673528977,131899.5810683634,24991.125500767044
1481,0.0,165957.0100498418,159485.03001929238,149860.88175714505,162642.67610497208,168023.01556572423
1483,0.0,105476.03864510266,133849.32743477437,120597.1270336741,96025.2489988622,114966.65541160863
1487,0.0,124153.5044111568,98526.17051210147,112364.05246540203,119258.4649884572,110726.30553015973
1489,113810.34943874978,117426.93175842901,104363.6299958553,115242.8751525023,104243.75348380249,97705.88930092937
1493,0.0,106559.08128734434,117715.46063001928,120814.80179935288,101307.06736422033,106459.46547772163
1499,0.0,44130.9837288676,61348.19055490024,52087.028202494366,46751.93296849542,53991.06276038343
1511,0.0,108452.04791034298,119431.00761601985,123875.02135796324,129193.79680112809,105343.43019707133
1523,0.0,127593.48159572968,141858.26525569835,12167.757150895439,139408.52974665593,127511.93859175782
1531,0.0,113675.61769582072,138802.7916705089,112613.20620852645,119876.74578112492,119721.85950543438
1543,0.0,145605.60064639998,113615.67482291655,133661.60155462584,134698.486296063,134123.0360546888
1549,0.0,118710.00134330224,116485.48603363078,120881.0932016964,144199.047706858,128625.54907095415
1553,0.0,131765.54302620768,145705.6007999865,152797.37249251298,157946.61372342854,151304.8741643399
1559,0.0,121687.67015765076,132429.9232764894,108966.76451524661,118006.81976230441,130130.34623193547
1567,0.0,150217.6783287988,129350.55223611806,163741.99218867795,158156.75725484706,34893.568460016904
1571,0.0,125723.89066077658,138004.8132323061,116415.1539196629,134654.75785570094,127855.7488777191
1579,0.0,138215.11896627984,130429.18954627318,124055.8195777001,142604.16975733166,147595.89413654307
1583,0.0,111661.66501331178,124950.23305850985,109147.0064371875,137300.53214666666,118541.69270984309
1597,0.0,170201.33289305458,156080.33819636155,12831.244701860895,149902.2551863677,18326.37297519106
1601,0.0,136431.51295486873,112837.48644191482,121492.35186027191,153301.8993854792,128760.2893353989
1607,0.0,104168.260346497,122063.15292773057,107377.54400059422,108866.95578761563,111566.52224476825
1609,0.0,146200.3042415238,140529.75267432776,130294.25405292625,147751.32518764658,27396.812549441365
1613,0.0,95487.9389030355,97915.9864453717,74481.77603240739,100139.44916154411,93245.2536799236
1619,0.0,124205.1299520546,133252.59943162935,140015.9506736838,115097.24596323742,129008.18987152287
1621,105474.88250660965,94711.6916607338,97250.56286590584,107696.02680393489,104645.6997662728,33796.59052222593
1627,0.0,108359.74420052665,111757.93227718901,103076.05984995743,129163.13963389306,93767.47606656927
1637,0.0,146913.08092968463,155930.82883456492,182503.0545999744,168582.13875623833,153396.29790378737
1657,0.0,155864.80305101973,162696.7177829185,140200.4044595254,173895.549974194,161087.83324487862
1663,0.0,78397.1887436187,67422.1884065466,85659.52765690022,84730.07992477529,86235.54184456468
1667,0.0,80306.55199138798,115527.72437907713,104768.45758060736,101674.46492130424,104019.77290682885
1669,0.0,122681.03846980922,107726.88005685296,115987.90527222982,119917.93532763804,98207.85179407425
1693,0.0,76892.38364769878,74177.37048390723,74867.37341824188,98130.81614755307,82204.69461787384
1697,0.0,142713.2979893697,139371.98739069398,151922.92733707812,153898.52954015607,131003.38081862009
1699,0.0,131268.0853224681,151158.72130869748,134419.11062379522,138621.78243691358,156207.33169447578
1709,0.0,128656.830042377,120170.42794191786,144665.27354601066,159493.25509645382,145586.21669058665
1721,0.0,101659.93183811549,135684.95733626193,117675.90450901909,138300.57147167486,130511.10122366218
1723,0.0,141305.9348364348,127408.3225728864,119174.65660512634,165279.24921703545,137195.85591750944
1733,0.0,146041.7138276757,142227.1397273149,132720.47315188198,128500.6660966404,132106.06944878778
1741,0.0,120865.12452526797,105584.77385909982,24157.20445483822,111734.884327051,106105.79410801163
1747,0.0,132719.61039508626,130080.97829476702,135607.75196749347,153569.46011645786,122806.08950709236
1753,0.0,134596.88996881523,124149.95590115697,129706.0678376702,126261.38600047227,120935.93984993338
1759,0.0,113247.1251211305,120899.46443197127,108274.85097594338,116379.78406880557,116631.22162395914
1777,0.0,100173.3876530814,115714.72431735204,98418.47169347046,93632.4418710274,110426.28928387076
1783,0.0,154265.82178996137,163683.59786920206,10060.222540553677,145040.42525506997,148458.42765570086
1787,0.0,132216.01552286668,129403.55735869586,108206.74992569131,144949.75736668485,127503.41052692356
1789,0.0,134365.39670076803,128333.33743001655,137632.54876391147,162938.3463976164,114497.46098071382
1801,0.0,155460.14591143827,185415.18003634422,16190.012534180887,190763.85654670803,174492.95108388248
1811,0.0,139793.8918554956,107893.23098258332,124417.46453875779,108674.96655538824,108269.30459555775
1823,129964.27232245509,155899.67224290347,140976.24571614413,117242.42455135279,133511.4857449829,156000.20894548015
1831,0.0,98051.11063332067,136993.65663396288,111798.01656713441,103902.18241974716,125187.82925313106
1847,0.0,109420.6728184064,113862.83533512629,98825.28842928685,107408.75534740304,3803.2477159786567
1861,0.0,111720.82402145737,116844.49296535843,119182.31969707909,111136.11043665299,129186.88665022046
1867,0.0,75889.44076629667,70637.57568961219,61780.49695144321,68641.39864026311,75348.41585160788
1871,0.0,134008.04749978596,137434.68859222654,22534.35368174317,113269.22849919567,23044.3111046735
1873,0.0,132959.48778103726,142300.47200585282,124653.92609248363,135767.76187633636,137630.1012185003
1877,0.0,129507.76066001,128338.35886636874,154849.15495397014,125832.42679958355,123583.30591375612
1879,0.0,151850.44874421027,135652.0673040195,129852.50940694596,154244.44688599,126753.40598482656
1889,0.0,149338.1481710318,128761.0955680746,119068.35394793714,114978.02042550594,115744.23557387295
1901,0.0,138082.42440038998,132870.81610037835,158307.06507628626,145824.5269712435,145623.58709841236
1907,0.0,153891.87332927337,133423.72646481838,142573.2366211034,132573.655039182,19790.065026239623
1913,0.0,72501.33974005382,81089.41154418864,81803.6751774886,79283.82829904651,83383.20311998147
1931,0.0,119265.94971688878,132818.22278105817,106734.33678553798,106730.64797208911,120363.2346170442
1933,0.0,135267.64398651154,151130.16184949016,122391.43168929903,152764.20829160346,143688.13778243074
1949,0.0,122572.46249867787,129311.51964996346,119085.00691115452,125148.98375121091,122243.073943962
1951,111330.7628443903,116225.51479705592,116187.03686689479,120307.82395305528,122279.69028445274,111974.23108100271
1973,0.0,119570.52687259245,135035.56837625627,130997.18500696658,154028.84402590344,148410.92562205222
1979,0.0,108322.80496034847,107429.94770557193,114455.44202480488,119889.12866143783,119120.6091300562
1987,0.0,108057.99855078693,94758.93037674509,79542.80194844566,109451.02190015405,98895.19359332907
1993,0.0,169674.10715673745,175350.78637639416,156004.99147243518,167126.78519898123,149934.47609379533
1997,0.0,129491.71529926406,147052.9479790117,122906.2132050156,137640.04018811736,129474.14599741153
1999,0.0,105329.77720800843,106615.76895956192,116612.58155761294,119309.73649974055,117203.47638014854
2003,0.0,81430.00697708395,94497.11073056098,78580.78579935164,99415.52429797706,82361.75487405674
2011,0.0,123881.41655892022,108436.26119255643,119449.44426734929,145129.4665780137,133050.385130966
2017,0.0,112439.34057743012,123647.45067959094,114721.18109030531,92797.60823960949,93829.36671586057
2027,0.0,87703.71198910988,93382.758727619,93078.3982132117,100717.73447206181,89743.06407094932
2029,0.0,80533.76182397573,90409.64152221962,71181.23674088468,72331.20122791526,79919.14092820359
2039,0.0,155364.0351060398,173119.38080210367,183680.8608122933,179692.2988295119,170224.13078514574
2053,0.0,107535.1624432015,118028.67363180302,129749.58346882476,116053.63165520341,114549.03541222429
2063,112900.6044252475,102481.04122606425,125573.05287564182,90212.0323417878,111715.89633297132,107912.46920224144
2069,0.0,155008.74604483758,151514.45082248942,171116.18625473802,173166.12643123243,181746.57693819323
2081,0.0,170377.45813732425,156762.02832225343,148896.67356544637,151580.7213748671,156984.46257147976
2083,130072.70129704733,145289.96367360398,131071.86904166565,148593.10935517788,154897.71607590767,160554.79791056406
2087,0.0,107068.88508115917,76305.42409544773,87134.1153943458,97180.76604967893,99209.47204450186
2089,0.0,138438.99467896693,126429.76977278324,119305.64671002892,141581.17252263232,135311.5939891657
2099,0.0,140822.88914973362,167872.75304413584,123691.02459027429,127496.69714152506,127866.5604442442
2111,0.0,145992.41516655523,132283.54873941248,123151.1701518596,138605.67737312213,128808.47078466785
2113,0.0,135164.40708117955,148055.1514011543,125728.80270533125,146362.2480384773,126968.62332641322
2129,0.0,124350.73605684824,126883.70000355429,142621.63920548803,141586.2176884499,23544.71483631588
2131,0.0,110655.6550993597,118321.69552650096,86408.7971163048,93758.12379719433,92837.39499431489
2137,0.0,111557.61498166353,97987.2332549863,117259.20927583914,123854.99950021051,130962.59643328257
2141,0.0,117875.24832159202,114578.07258366565,93803.59554887496,123853.53123846672,133141.90161683015
2143,0.0,141399.84471055752,157806.11143532177,137743.0716313833,178568.77531583112,173791.48815464202
2153,0.0,132942.03042662112,128982.2403519107,149678.6088924704,144457.3635819379,125804.35657612552
2161,0.0,122169.6369264428,140753.74222877272,131028.10726171319,100557.47585063256,33754.85900485998
2179,0.0,67147.40907503759,80782.41560589742,79662.66115446035,88760.86119693978,76755.86013362982
2203,0.0,167185.18645502708,162779.23760286137,164447.89427567192,144485.04232275038,137507.63206444692
2207,0.0,97275.97199016323,114636.49875031499,92384.776519017,118864.90878661675,12750.317845544329
2213,0.0,127819.48437789915,179387.6430664382,143514.77930334388,172467.7525265449,127965.47006175332
2221,0.0,134729.11933867855,125091.20110550709,115016.80890328664,129656.50094791535,19258.642693842514
2237,0.0,158257.35674658496,152395.9904452762,147551.48737948044,144716.63693621283,136625.213840499
2239,0.0,149469.08109711978,125823.47449782888,125929.82854803093,131382.14651381373,121683.25109063613
2243,0.0,89878.18202294092,74111.4741370519,86462.04616661856,104614.1450004299,103303.96396965694
2251,0.0,175364.46287952826,167395.64878526685,154371.59369666962,173494.06361878433,23356.98361073296
2267,0.0,111563.35021919383,150639.62502023915,119349.20857592968,132084.88580119528,164521.58801267907
2269,0.0,113572.4336454456,102885.97922278073,122102.93280017049,111670.5880236185,86774.21646526002
2273,0.0,123522.40327709509,149817.82490601848,168129.12068682894,155184.89769766259,145140.19385653973
2281,0.0,201446.94536837382,186747.4949440431,157825.3243725446,168119.64361924896,170805.27515072215
2287,0.0,85935.63026928426,83213.40485447187,101619.36452690331,79137.9285190489,93335.79390513003
2293,0.0,186534.74222078457,156950.4682786282,189697.86698237853,183634.837385615,202070.9858795192
2297,0.0,121796.9644462037,126627.75462494593,138545.40659317255,137341.39698017706,135929.0552726506
2309,0.0,123352.13977345363,149264.60010863244,131591.73194084773,118593.19457940038,144073.3916883004
2311,0.0,116124.59554277199,133524.91472210168,127680.37125098628,122381.08170376993,123540.30679582014
2333,0.0,152976.07024269048,160142.92727744608,149115.43755417404,146836.64884402553,174638.1319585017
2339,0.0,116344.72010654236,109089.98364059551,95793.20597161585,116265.26341288725,109244.75624594661
2341,0.0,121100.87154311803,87816.44080949473,31248.838448996637,129564.9873899619,116428.72576986619
2347,0.0,117548.65441108169,106266.41036491789,6055.936056223196,112784.94427920725,116798.19903299866
2351,0.0,134519.00624969442,128642.81837635762,137710.77460316132,140335.57820446652,132439.71354031083
2357,0.0,141901.94724937814,130901.41326024385,153331.54068486008,166944.68070406638,151285.40110871624
2371,0.0,151553.48526899418,160927.83025157556,137449.3309753828,160279.81464011312,133130.1417019358
2377,0.0,99967.78312533126,115438.2071864266,127088.25859807798,122746.51403041858,116101.01745482716
2381,0.0,105576.46272337361,139569.07305448956,138104.81405274535,122978.19573031078,121293.40683304728
2383,132056.4874875831,146535.5787429714,114966.9103021855,134144.19537418557,132798.08240737513,125971.81597322198
2389,0.0,82616.00339511821,93228.67702490475,83236.31404945019,90894.34717780155,87123.0113890245
2393,0.0,81268.6768192282,87248.34431298412,93808.81489872493,116147.78705765546,88753.84710181212
2399,0.0,143613.59954863795,141513.3683849608,150758.747459987,130468.52154219244,163596.04747079278
2411,0.0,101978.4785429957,93390.12819990785,85539.75245375127,85017.03192377699,89091.24216712212
2417,0.0,151987.062910099,155611.40814549336,166283.05879036192,148954.57095825352,155425.4735237113
2423,0.0,127607.0985624396,119835.63049370571,148121.6582266656,142605.66709669307,125173.71044108934
2437,0.0,162853.16752735857,176153.74867085664,173351.980324964,150184.50076538036,161349.86030057975
2441,0.0,119960.67635752486,115880.28758308232,110933.50487822003,110746.73162173423,104720.81257578597
2447,0.0,119225.22936380752,119941.51953403623,125491.13917456851,127900.23601338701,148512.28290329484
2459,0.0,107628.2709464104,116035.67960936665,128349.87965090791,115868.84461366403,100110.88634246074
2467,0.0,104893.18759641067,124354.49214844935,117000.4387591958,130930.77979679633,124577.33771726042
2473,0.0,112087.409066116,107858.79109167191,103684.05994160198,102121.41133407279,119608.2192422272
2477,0.0,138940.22345592704,179877.38820463704,21376.271421843732,155342.92938168664,148488.33685129418
2503,0.0,143160.51796063752,132442.34641436476,137043.46455935854,142597.2334607153,158287.23153940757
2521,0.0,121528.97016958999,113717.84118602004,107667.55577782486,131075.00040916298,105839.67671012251
2531,0.0,147987.45388850474,147075.33416125807,162209.5291627578,178138.06223617474,147933.1185321287
2539,0.0,104688.95224047206,124864.62316272984,103512.95085966543,110104.23334259905,106398.95668711871
2543,0.0,110033.16648993002,93793.22761186954,118817.27069729361,106857.98670821913,109760.00307805087
2549,0.0,138552.0188670653,171414.9418711865,24759.637987847982,170205.10645837736,159902.96859881043
2551,0.0,138557.38847933017,135286.9525198904,139833.76374605487,133873.13857406346,125305.9164243761
2557,0.0,122238.80238004631,117083.74175801166,116122.02812844314,118915.20175161184,105826.4580842067
2579,0.0,101128.30672632124,109808.04230331254,93323.22047662121,101727.56605895584,88488.37369045505
2591,0.0,142037.9936926264,122526.54858133249,138263.74106235994,146482.71172458195,8802.618678292303
2593,0.0,113290.29478966624,121913.87528978872,103511.12312114496,108420.53720542182,96571.65106924967
2609,0.0,153691.52513146022,152825.48774106512,130852.07018622282,162332.3951639671,146597.93665221782
2617,0.0,147662.7585574416,138647.48759117958,146420.4134056013,135781.47742604188,124140.45214133157
2621,0.0,139562.10089589725,173275.86142324388,145985.31326969818,145840.40685038074,133957.79547288915
2633,0.0,121516.19589799554,132027.418954941,120471.06404503438,144803.48514005513,106572.94062585932
2647,0.0,120680.77872491039,109461.46932603886,107090.14695892758,102057.46076057504,106252.9884176839
2657,0.0,117718.81333176853,142465.59678101816,107741.7869142417,123639.63738584545,135577.413600484
2659,0.0,159868.82826833424,164478.32894388644,167878.84531218384,171610.7623786282,176078.11728879606
2663,0.0,89291.02959972559,115757.06674738387,113921.13427664874,108948.57528872858,106526.07692567323
2671,0.0,180321.28659466398,158122.83744338303,166186.43812590744,150742.83048362038,164017.93342805968
2677,0.0,113780.11009197967,123722.80982529756,141416.9750968793,128583.46113890116,135785.25809791384
2683,0.0,141567.75775555862,131594.86530147932,159792.0615280313,156994.61540436308,8776.206601017766
2687,0.0,120077.0883561666,134508.40210031674,141744.6006135585,150680.62805172222,7392.496979186086
2689,0.0,120718.47185274304,113381.78296560321,102163.50371790012,117430.68109960505,111644.49306786263
2693,0.0,119351.27508747965,147781.85443772134,147041.8106630143,158427.69816599894,161966.79357287183
2699,0.0,139275.46326620816,134376.16114018,169957.12991571406,176173.25513708752,160806.23491814738
2707,0.0,133483.9706549637,135750.10036407495,120164.73357367526,129877.84230257929,123196.61408286325
2711,0.0,133892.37587648598,118869.45141836435,107286.3797083988,133335.3757378622,131984.10347745742
2713,0.0,143198.7531689266,136446.61567401415,131347.46806272975,137766.1396178483,138233.21367870533
2719,164425.79401611822,157529.5963784956,152360.7399109616,160336.7213379108,136676.9011958245,174300.20870420986
2729,0.0,113402.65707378433,108077.46391441507,112748.09037131186,102392.2964985254,110679.00040205721
2731,0.0,108002.28260980378,108468.39037158401,33281.251566177125,152128.89727613778,114795.54219644838
2741,0.0,163192.12560163686,190178.31267119653,173575.6259789855,202973.92261103625,152104.657087287
2749,0.0,184368.02948320322,173722.7019825885,196157.03015725975,177200.21725459007,161479.08583784342
2753,0.0,159765.5009649004,148190.31021102297,154206.12631712758,139419.75336452335,140759.7881112874
2767,0.0,155715.28929721238,185017.74521671052,141575.46201765465,151095.33238831887,145538.66059843433
2777,0.0,155223.7066328055,135086.06680486177,130252.69903264534,173786.38872035523,136223.7893836773
2789,0.0,109044.73387823845,115866.76851430419,102546.92532426596,102048.6986178965,100136.37907082039
2791,0.0,163893.61694789992,158052.9730070381,149240.24515334563,150114.42529947165,161352.2951499957
2797,0.0,150553.9853615339,182368.07279182583,166780.48693236985,182030.42673697966,188743.21241743502
2801,0.0,152363.07349619575,170567.49565466773,146236.80460265063,182284.0699906752,35163.10812312469
2803,0.0,156801.95484349193,164058.79080948705,155016.56534370102,162319.10340454985,145416.83593465885
2819,0.0,125536.08016333004,141786.13715785413,140375.5517977115,150170.16068921913,140727.99181944915
2833,0.0,123691.10767423126,107925.05303198003,101291.10831220307,106402.05876870836,129823.24015734802
2837,0.0,143066.6461674082,143961.51924973898,145657.00431220382,141662.18585744052,135471.07946045804
2843,0.0,92780.00231442657,106700.32636381341,104327.27713920608,92800.17210240035,108537.15225007231
2851,0.0,113851.51474088084,132277.46668020057,150800.13512802764,149414.70851079252,122497.98786839834
2857,0.0,125228.67906605561,115052.2563674058,120994.53701526328,129100.24736575785,118740.71109980982
2861,0.0,107090.66342318512,106068.57580197157,18526.763052464565,111044.66221980723,100036.18862579954
2879,0.0,135211.90955415406,117703.4031235922,139867.3729973715,136669.33146087456,118493.12464379797
2887,0.0,154236.686326605,151414.42098242152,136195.92316139425,137906.31643908704,172590.32398574296
2897,0.0,132085.3567768113,121256.02863392256,113954.4642536994,128415.0402760376,121672.55940349646
2903,0.0,138791.63258996082,135003.8783260595,120161.16234677975,147362.59403030694,16777.736419695273
2909,0.0,113778.21419778357,94367.83113134642,89943.45179223573,111130.2222056587,124456.72552890838
2917,0.0,164524.7797633823,180572.31399968022,153111.52430315295,154558.36686891105,131120.85287520834
2927,0.0,103410.41108366722,122902.22742145248,115855.35409845943,105890.8887596147,110855.0428538122
2939,0.0,122519.46956417819,103878.67430967733,130580.04566370152,115031.24787447127,107972.74192330916
2953,0.0,190407.95672563033,181312.55104688669,196747.48505539438,202935.73934833286,215505.74677577964
2957,0.0,122029.05071667305,163823.90052142256,129994.87130458356,122051.93371121238,128972.14226363024
2963,0.0,159290.35082065282,164057.7483053765,195920.24325270578,185826.74927102216,159814.58500022406
2969,0.0,150482.30343528627,141887.1412119615,129109.76540062264,128022.6654346519,118053.69084054405
2971,0.0,189908.86784760994,190090.97229061378,175621.27083832878,184785.53006735654,175639.90043483023
2999,0.0,82234.67855813663,107828.00918740248,72296.94497097813,106816.75030240769,102526.55238587505
3001,0.0,118738.4343096002,93998.55309513136,114700.02914523665,100443.30115489174,115409.77428170292
3011,0.0,154139.52733627928,145872.13288735185,161815.24883119727,137888.68443574218,139579.5536353982
3019,0.0,140713.36874884853,135932.66790600802,136295.3970453482,148598.47352660142,136554.20690257428
3023,0.0,131843.2404048881,126377.29045569478,108812.16557007453,132643.40169468155,123366.21017070152
3037,0.0,118346.11871181731,121633.97291883927,123294.51873393825,101129.24238912997,105741.8497511424
3041,85386.04100462883,82039.14930283751,62582.35753773418,75521.2518199134,95535.95852129,74013.91459973024
3049,0.0,139416.30632637956,151667.07336245847,134865.1306944041,176398.87233271406,126413.0282922539
3061,0.0,124559.37192051602,141016.06681403428,28452.294481255707,142261.315087929,147928.97289886762
3067,0.0,139173.93463566416,178087.65358417813,170733.87554136457,152500.84825307413,169263.82869472267
3079,0.0,147562.07269119195,180882.43429027926,166728.76560307975,165637.65619728222,144696.64570430803
3083,0.0,171077.38076806697,152646.24261128923,175256.39322287723,156309.77071011832,157871.61490634514
3089,0.0,129518.35486575298,132593.61774482063,150726.6382320449,121304.17243628342,47614.895930010214
3109,0.0,175313.89542399978,169229.71744051564,154245.3760748104,178600.47944205947,166856.19017389225
3119,0.0,96505.41339858178,108590.73818769578,104303.06902317691,107968.60151073827,95293.93827042944
3121,0.0,137818.4502638232,151175.83164601875,147176.22821479605,156069.55477873533,140618.47746834275
3137,0.0,108266.23148651296,94002.99846068078,112505.09639048757,111276.48365523352,12566.36901639355
3163,0.0,162031.88112962688,147592.33014065147,174788.46685302412,158736.07059029702,145266.669713751
3167,0.0,201317.60924391623,157982.39230033112,165976.5222824749,158649.25486450794,165085.39766475974
3169,0.0,130193.86107087013,125129.5949905044,114607.27659559807,128899.0171187407,125813.2852222741
3181,0.0,154186.755055392,161975.7779414146,160360.00372802696,167976.3065479243,94227.04128051191
3187,0.0,139937.78766962342,131663.52460187883,157254.9841533829,117298.13388500994,150722.82997297225
3191,0.0,155665.3831938452,162305.98250217954,166840.9835578488,149697.81838654267,156141.86571429178
3203,0.0,124875.44414356677,135943.30096364353,132472.12793134528,133146.28447573696,118385.8503782855
3209,0.0,63419.52448329363,79097.86766924319,55099.538185393336,77184.39906027069,53031.774389951555
3217,0.0,141233.65316896795,141788.6032782702,135250.19204460943,136732.587094286,113144.36334012993
3221,0.0,140731.4447589871,122490.60621077205,115628.35165653312,120502.73939113287,103689.49098507217
3229,0.0,100366.31034136027,112321.15919078085,101262.31539354633,123425.800427349,122476.65614950392
3251,0.0,165027.44108899942,146950.08290027955,134229.93510066648,147305.79433417524,155549.7518822344
3253,0.0,107225.3541246102,107975.3937305478,107690.26190296341,128136.32133845249,110346.75540445282
3257,0.0,123014.24353914519,141092.18026682828,128219.32307051729,129574.91929004548,116164.55738123792
3259,0.0,144294.95334348764,144197.70420172307,136475.0797130625,175108.9306967761,151688.50183458687
3271,0.0,125123.92822904562,113270.91926517725,102805.02613532345,101123.59378609134,106631.23978953596
3299,0.0,107937.42442799937,130798.4207783601,116491.7178950556,125618.34038613876,96272.88169468773
3301,0.0,132667.50647477253,166613.3271482126,187426.90999804094,164759.46359087824,160787.41482614022
3307,0.0,136476.42659509857,147092.03623690343,126408.2355866683,148250.9433556298,30446.826703779483
3313,0.0,146052.99465660416,164556.04578252637,152954.3644514677,137431.04789122246,160552.76292387312
3319,0.0,130238.68118183782,139270.10255308283,120229.48368593912,126662.8385823882,124895.89540794611
3323,0.0,105449.32302212808,103942.38839240566,99884.01817853289,108406.68967762149,102334.34415419363
3329,0.0,100414.07832725083,83854.56098675235,75144.18159410704,67703.59075854985,90537.05599468455
3331,0.0,131734.9442578263,177022.09269020474,157136.77596958415,168209.00453939545,29394.080221175238
3343,0.0,134701.39457456526,128204.43113892172,170377.8053475928,137576.63509467882,153682.72685876078
3347,0.0,164206.78076119037,175172.20919448146,192136.78582878987,160098.08478303606,180170.82920212433
3359,0.0,117783.38517909664,124595.98895205153,127152.2911079003,123677.53688975984,117675.58300883177
3361,0.0,105858.15761466403,140404.78460149007,144752.92881414059,124334.95157642494,134262.1590944572
3371,0.0,132919.2158996295,124554.3002096755,123982.54706837781,124565.60108513004,130115.72013401813
3373,0.0,183389.23480848485,173006.61952338758,161545.42286184916,169750.5603722119,148984.80180698136
3389,0.0,162562.79022030937,163638.7747187487,135482.6410546479,141848.7119199309,152516.31594328882
3391,0.0,145342.8773057547,150058.4020066929,159205.99938831304,176387.480007561,156793.637791067
3407,0.0,168550.23711632926,156650.5192679626,157408.35074581113,148930.40632955686,132129.0048897239
3413,0.0,126980.12757966145,125415.8155940288,146882.3196441229,145659.7002977236,143816.01748747536
3433,0.0,164612.03075015073,179242.97619417025,21761.062204352856,187237.75652311547,6722.43121570293
3449,0.0,189447.95683766858,210648.3157472923,164468.14374109707,198780.77724397767,189120.11818861152
3457,0.0,118139.10707027794,107049.20366888413,136430.4071774709,112370.0155635339,128221.61787868706
3461,0.0,130031.33247974387,142404.2007024111,131949.15855322487,147745.50586116876,148537.8986440944
3463,0.0,209857.67963064992,193871.30700787826,216359.1123447226,226618.12332742437,204046.068559378
3467,0.0,105353.97310011592,113538.66056549746,107102.01726224327,110960.55355462563,87416.05891716736
3469,0.0,156890.06727430839,144911.3025523915,8549.564485185645,173192.0946723564,152909.82843722508
3491,0.0,126118.38904280079,92731.82123583817,100736.9050468578,102599.95216584447,110518.22640928878
3499,0.0,116183.62133763183,121910.69311716246,97035.35384642465,121113.55153620649,107825.37749888348
3511,0.0,138387.0436838745,155901.42668463505,135987.6450864024,150811.1178383245,164588.236864892
3517,0.0,133881.433809805,139496.5501236807,24425.31619062958,135119.41243946657,26909.727295127283
3527,0.0,127300.65679137425,142616.86897999755,118153.71790534935,137318.87432233157,122916.88853725279
3529,0.0,152367.62505137894,159027.70343090955,153588.42258833535,184769.44932887238,163153.50983395253
3533,0.0,168603.8867892521,156517.3473706739,162679.69394155114,155705.7445975795,166547.65527316887
3539,0.0,91716.09289285348,97497.6585008232,93054.92207755646,94399.73482940454,79311.90434963639
3541,0.0,184300.80298929114,160106.5725383636,180778.87284736155,190506.04648592082,193934.28512498533
3547,0.0,147909.7527041368,140170.7331750368,172044.53222010322,157808.24771054141,147576.98168880137
3557,0.0,97530.30003709561,106679.71901518448,113919.31036357499,115667.88849625473,114975.87112405716
3559,0.0,199920.0061333194,213396.61231281882,21419.836607917307,216808.25991073606,209468.6460304799
3571,0.0,84193.78126317091,83095.77072162609,93964.2697571177,89674.55915553501,107703.8939858664
3581,0.0,177071.68866601953,182010.4961841835,195505.31119320414,181859.14462984208,143117.07300778737
3583,0.0,170403.84173231627,186463.95298539446,187349.47730159282,182511.67662444047,188050.13853561925
3593,0.0,118335.60230169872,113797.50653610282,113124.06049890455,120975.06021800463,117375.90717659696
3607,0.0,151393.2125593261,133313.5847003641,154064.57480120135,151507.29606175877,189002.2061004428
3613,0.0,118529.49495640505,121185.88156060288,127458.65336259214,103819.85509653237,118846.88927671972
3617,0.0,185009.4959006367,177481.55984500545,170151.0139799537,190008.34615011595,171478.38400624853
3623,0.0,85514.40245317953,81956.35381777873,76527.35953967327,93682.60809930615,72514.22017442767
3631,0.0,159849.90441626718,151379.8843317219,53957.326764698926,184464.82031330102,163081.62289071848
3637,0.0,157474.3427110567,138784.30685703887,128477.36179028935,143667.5740628634,141687.06458835007
3643,0.0,145710.44363246622,149863.83686563873,115701.44736423925,135339.4670919337,166587.4134734106
3659,0.0,162558.2194844875,161945.57385005272,150805.36295561763,142209.15895467112,158757.99793382408
3671,0.0,133276.09364796788,145257.109286483,121913.21076814587,131030.34273989049,148346.0314262322
3673,0.0,100139.06407525296,96952.43638972967,92484.12722629192,88411.0378405465,709.7084391903308
3677,0.0,113282.29332283887,109349.88232219631,102725.22202101571,94536.12660418125,95514.26854313386
3691,0.0,81607.0538121564,87710.875872186,95483.23928968245,105224.52173404352,77267.3411204103
3697,0.0,110312.5185613622,121101.9178486125,22739.41018435621,154004.04512087718,151119.84107844872
3701,0.0,111717.65334413468,94890.76536165662,115669.52502148488,113141.54403762011,115395.44585817304
3709,0.0,106704.33350327503,108900.07765950875,99797.5116175656,91917.58671335061,95868.64582312689
3719,0.0,143141.4305454348,147820.5100474553,131640.90356133206,132538.4327556183,133711.654829982
3727,0.0,122270.62805451633,101610.19419822941,110846.34573641149,113698.73585431906,114961.07094223064
3733,0.0,136575.52695453446,116908.06843786238,124794.33016854002,117699.55463332475,125320.01248147881
3739,0.0,180319.13304873876,206013.53215146795,174146.28073773027,215045.48294894345,191848.91239787225
3761,0.0,161154.87547466508,156185.8723195102,153996.36358860342,143584.49029065552,147863.50224743865
3767,0.0,151812.31364630052,145758.95312953688,132210.4760479467,137848.63171236194,147358.215964186
3769,0.0,163432.64376716086,135281.04003281894,158937.8961904934,184678.49666485467,178823.51646370886
3779,0.0,74632.48273093496,110087.66620374746,80174.7261519414,107262.02135489792,79153.1755224094
3793,0.0,181299.49642131483,186691.80372949824,32587.927495748187,195358.1626855947,171872.02384984918
3797,0.0,100174.99220072258,126138.40910728015,114022.75363467296,136123.44006728227,99635.01971906138
3803,0.0,129853.18259777293,138939.40631716338,121519.54051622775,144406.01762001883,32258.94926855302
3821,0.0,120330.18182680098,129024.3300950255,110659.7067440846,133718.03026468863,123839.89119180707
3823,0.0,119872.29105039875,112675.55348202036,113278.48708987993,127179.30390587238,136277.9917500218
3833,0.0,99417.90495749046,117681.58626940387,110305.82627903423,91013.40082156318,110040.45053758132
3847,0.0,180120.85556359444,141147.71231994982,145208.13562767013,155061.08346304417,134988.51651845648
3851,0.0,141182.8108039813,117044.45600560447,131282.8422153584,151220.5485599669,126973.18779073787
3853,0.0,85090.05325015893,68518.15844757753,87623.05217673871,92738.44629342921,95627.31084434735
3863,0.0,109373.28852380835,137746.8949618264,124607.70706443935,128666.59225597806,141264.05972875448
3877,147892.68825923817,150264.77332023677,141339.734502644,141953.23108313666,129056.20785707995,166514.33144695815
3881,0.0,114198.16759134777,114614.21960216273,98007.43001079294,111730.08340635778,97533.95088619832
3889,0.0,116667.51468841753,114284.72660818406,122118.926091911,143102.39310823267,134089.58481921637
3907,0.0,182501.6893444115,205548.14644033878,191638.10615568442,164280.99836340558,178408.76366634533
3911,0.0,92452.71578295829,97621.31039286744,74731.283724999,111864.03983789045,95384.12005489279
3917,0.0,125708.49154741844,148607.11079710553,135860.89258746812,137238.687779022,137237.44973513958
3919,0.0,111584.04152617118,118803.5494756131,115159.96738683425,129080.03638791994,121495.74121514097
3923,0.0,102908.90994304574,157404.97103244718,132462.97023116492,128568.19920828052,133794.97889827876
3929,0.0,158535.18337655667,145636.7517879775,143668.0293548139,146686.43574351928,129749.0363132703
3931,0.0,123931.29125117113,115626.77575355404,115177.59163804991,121267.17353010853,119735.00223446079
3943,0.0,139718.3369578271,149758.9700332101,127244.1625701792,157434.05155754017,147200.50186533466
3947,0.0,141220.15176945686,162713.55782930725,149639.66875397947,144270.40067519376,127527.5470165547
3967,0.0,120510.64059132652,84730.36630341504,104471.46855626474,93846.77715449064,25943.966386405675
3989,0.0,132702.1353593921,106144.21336490978,117310.90672269215,127367.21714149875,22869.765627134657
4001,0.0,136660.29477207465,155371.57531620382,152366.19929345333,166680.90196864138,159699.90922808214
4003,0.0,75064.37444325973,85599.21278196988,72800.02759602391,91084.721465493,71497.10962455264
4007,0.0,103539.19629814119,120098.61211935319,113204.67196547166,115398.31276108902,142183.68757723187
4013,0.0,114321.80337278699,111108.75411936216,119331.18264919215,95677.05742961443,115217.2189341016
4019,0.0,109461.12944709355,145716.87267350714,130883.14566239782,146733.50194839365,126365.96169425613
4021,0.0,123779.49542806446,142702.97417757328,115564.38870556268,119757.87390439515,121900.41419153348
4027,0.0,122214.82354827649,133316.2581745129,143034.39634907024,144914.00443457923,133854.2805639315
4049,0.0,197434.36619402352,176585.29684899736,157769.1358172498,179750.88019819913,172792.9024139156
4051,0.0,150874.64888120172,170276.48145925367,164749.54516078386,113635.18447172249,141190.31501049516
4057,0.0,156431.41921017796,134394.76084471733,10700.12832705387,159522.2775827655,176575.91895809144
4073,0.0,100805.98859466963,99964.20089083954,99787.52178528049,98747.60569106526,108237.80094078032
4079,0.0,150103.13169679453,166978.34995272532,166326.6488051927,159339.0128112908,16913.512231156354
4091,0.0,167549.9999544224,183319.25976669102,144652.53913607908,208106.91133166783,160015.27311274517
4093,0.0,129595.29737285475,131742.54296239564,127549.67743247733,122391.40700969285,142314.86153784505
4099,0.0,104737.37903708401,109138.51188566038,109064.27690098227,94289.61749393928,132352.27515185473
4111,0.0,108232.38808348565,116629.1254132379,101965.91424545419,124696.35441626397,113704.32943896449
4127,0.0,140932.85559664958,143585.47105756507,158207.93223484748,158781.22679846478,149101.9016729139
4129,0.0,138646.99817094675,148212.0132986998,169254.50335907913,147510.09887047063,32995.52503085715
4133,0.0,116684.25626125323,136473.1649176015,137738.6445092328,148073.39752312884,130325.97078129456
4139,145020.39278516293,154193.66584435487,150739.42582502766,164605.2335447612,122944.78704545787,150634.21861692966
4153,0.0,108256.0863440896,103157.06332163207,106529.8255409259,121041.18376311635,103561.80050249837
4157,0.0,103866.76494165111,112607.31328372327,108717.91586318126,113026.8024483525,111827.86480420243
4159,0.0,124049.38822493839,103290.64800965416,111632.79815314765,125388.31089490089,126890.73417140884
4177,0.0,137985.69273849356,156401.84946458926,144852.08581305438,170327.58304337956,161270.60237764177
4201,0.0,79244.55975072787,82509.78549699634,77978.83521783227,79092.0341665061,85766.37887137955
4211,0.0,122578.45842781581,146253.41680207738,139006.15319526542,136506.0912530377,136955.63495177572
4217,0.0,138166.44889942033,107186.74633397524,124380.418248723,127129.7457907804,104466.38410895472
4219,0.0,140032.4103606979,152518.2668041968,151483.8649595812,163673.76040796353,151903.80947300183
4229,0.0,111321.10974904783,143853.92946772595,144670.70987547253,135582.83433850005,128249.212132147
4231,0.0,134565.24347384984,144952.91859722135,125697.56569309214,128852.8583471465,116593.41590844122
4241,0.0,99822.96204180678,108136.78840529437,98552.61990217553,106588.5293985007,110751.54315044073
4243,0.0,160591.50032473012,176575.68494302436,154462.19697346978,135492.85271908235,160828.72948916798
4253,0.0,120544.12418453633,151837.53156478683,151552.11188786375,120912.51475196854,152835.94452048553
4259,0.0,128864.76092168475,115847.5780773908,120388.67205101905,111209.2211005203,133861.85127825654
4261,0.0,191145.3505070599,153193.76345832544,188698.2840732196,182930.76133424405,198315.48185883416
4271,0.0,154810.89879002326,138967.40334710322,142546.703414288,156682.0475921543,167876.2363158504
4273,0.0,142424.61716836801,131230.90331917198,128824.2182969438,159539.04169915992,134761.99438510695
4283,0.0,116108.2202134344,127169.2201285575,116292.09514663892,129951.54950219087,106006.30265901485
4289,0.0,146496.47704143895,147920.53796164412,155069.20343562381,157547.74673940596,158272.32325339792
4297,0.0,162990.60417003834,179662.10788750666,32058.62624518471,155082.10282515158,163768.40956282412
4327,0.0,155022.40803137756,156019.08927227475,149689.12339253875,177240.6905093156,144521.52002106942
4337,0.0,196093.56645852554,201364.52035265212,222293.30595313042,194523.8897678384,215559.94679975172
4339,0.0,127393.07725149085,111684.86642212093,131821.42696503212,133793.86383950093,116757.62637601244
4349,0.0,120549.71127866214,133124.42290997942,109401.5391071829,107127.31586765223,34093.311936387254
4357,0.0,120309.9516783171,122324.88178810896,115993.71240294333,140679.35125277977,132406.38045920053
4363,0.0,173689.01890322848,160103.70262851223,23426.87799107976,152758.50377748266,155831.14391457476
4373,134348.85563144978,151144.48778694903,140105.93850548807,127781.45320984825,155095.55876108425,139012.37071877584
4391,0.0,117407.68182949026,96895.82832367478,121337.67594427532,113956.26541265169,45419.08498891882
4397,0.0,137741.78169211192,153561.64185486845,127512.99612785992,128914.28421746471,111928.1251463287
4409,0.0,166610.71528971376,160009.74773945822,160731.53502460924,152659.9884925827,137409.3127693486
4421,0.0,146034.44250333362,145759.9641991346,138535.92353325503,151323.7116850775,155808.5737679381
4423,0.0,105711.29632207128,104495.30184511983,120650.68310178319,105098.46866343194,106112.21124193139
4441,0.0,147951.2393896561,151449.27555895108,116787.94153438156,146408.55538076788,119552.17964186461
4447,0.0,130046.4427594327,133948.1035124956,138885.79723334152,140149.67623771288,155097.570815173
4451,0.0,166583.9671180339,199818.13656079385,160281.25920145324,168355.86975147325,160755.9693350233
4457,0.0,162883.16357321903,166371.2956427912,160544.52795522986,189821.90252266222,24078.14409341035
4463,0.0,112439.87103554113,135973.7913551136,145226.14600789925,128279.83255324984,122003.30427135144
4481,0.0,127766.5108517737,128158.00483634417,111971.3403830929,127296.41297267313,142173.13537114905
4483,0.0,216811.59934362295,156900.79029294662,194775.54881758118,156271.10690434987,176298.56665960522
4493,0.0,150239.1541350645,162376.43421248457,155321.7925713632,144625.73356917288,154680.24332986053
4507,0.0,131775.2087738796,133278.227981934,144611.4107534193,125912.71890827619,136597.04501563622
4513,0.0,115254.82788690853,146797.78475483682,6643.27335761674,132309.4953195205,129837.84519242715
4517,0.0,169100.00497133427,174443.90282811975,194035.24772836413,196837.09524094805,181642.52941317303
4519,0.0,146675.231896982,147546.63556641657,166232.500045532,166661.70516848104,144569.12618856723
4523,0.0,110604.18979271803,119620.94965024995,140087.07205743607,141291.08920348293,54727.98025454726
4547,0.0,101993.6683430651,98245.6763506626,104517.62655892885,98177.81750344495,98191.25490178757
4549,0.0,139910.91422583594,119843.35491118039,144455.6178897186,134440.86913414986,134491.10863289007
4561,0.0,161163.8061639195,172175.865250716,168994.41701324898,144458.8300686206,164654.91789077688
4567,0.0,95944.9949821888,99194.49572930094,88585.06716268363,98352.74359772989,79945.65362397309
4583,0.0,136103.03836203058,168539.49412680703,149649.13653120364,157996.09637371567,152542.02532145695
4591,0.0,153907.93814166496,137275.81874777254,133635.0864345088,174096.0071491502,42932.304073763786
4597,0.0,164444.86260979503,137696.9400644973,119687.37751477672,141018.96316001017,153615.04939258096
4603,0.0,125783.71458578168,110132.65871376528,101641.16212565494,120633.09824785811,108604.04776123971
4621,0.0,117239.34297617726,134397.2688892367,143286.08662722597,152230.82403670845,120090.63988008443
4637,0.0,121085.90418857502,117987.51562345891,86600.0749280427,114159.72413927666,116632.02920278885
4639,0.0,122574.13194334629,130926.18756913632,107631.95843805031,148878.60549297536,142257.5862788968
4643,0.0,115174.9649676005,138547.71840910622,150096.81556887642,128140.23960801955,157778.5676282102
4649,0.0,145454.60497315123,158570.74808327606,145793.11419597437,151900.7414374209,159411.36548115197
4651,0.0,144468.7338494689,169283.87650402333,149602.4165546128,163746.84745389223,161237.60733809898
4657,0.0,103447.51618826267,100721.02057312783,94202.85463072888,81880.10773702963,83255.95486844142
4663,0.0,123589.91552476257,134503.657114987,126256.71288765283,102163.49661145997,118363.15841606566
4673,0.0,92495.62354174598,89661.15442262626,107047.7603281486,107872.26233638838,97851.0099034154
4679,0.0,92220.97703689773,102086.86187280447,80432.27335918878,104032.83225936024,915.4615918307707
4691,0.0,137554.85302216068,137218.50217377307,134608.7253945431,143139.22952868405,128351.72108801136
4703,0.0,101157.64253794136,104287.77505216964,101786.48812415363,86343.64152020456,117334.04798131435
4721,0.0,190487.9049467784,181287.89608450106,188691.3658007907,196129.67462914792,171802.44918584512
4723,0.0,125150.6924262695,128357.82678875243,108736.0025586898,144130.862548801,128804.64494665709
4729,0.0,178844.00105310444,172240.10285642883,175416.53885027327,164907.49463338818,182829.63025470087
4733,0.0,134934.24289755963,135554.36382347438,22249.496231090237,163093.23707170258,155095.97335493297
4751,0.0,139847.74257680113,153645.02743480945,124062.40707288907,154879.1218646285,33367.36011745232
4759,0.0,162783.78036519347,164928.9715950289,161504.9517833032,138916.24179692348,134558.53509057555
4783,0.0,148275.85306543816,189231.26130683164,159621.6428007972,193583.41964730585,178406.19163346855
4787,0.0,124410.80488915421,133245.52811833512,134243.06658755397,134021.39966654908,131798.81578870432
4789,0.0,161637.66741364353,164604.0095666376,158192.37119032786,201650.30562229722,171606.0377967364
4793,0.0,177519.3235559028,154566.0695643967,186289.1045388567,163459.26912390615,166237.20273104045
4799,0.0,125301.67369169061,128871.27092566743,29948.018196358422,115033.13271423665,131760.48379612644
4801,148672.949012102,171486.05010153435,135905.1602991746,139231.45644924807,159935.91697188225,156492.9208041002
4813,0.0,101990.96326971034,116219.71061553508,26121.257909965847,101772.24681438613,121073.41557752024
4817,0.0,169935.8888892637,159989.69010156815,144809.02429508913,164498.8614992954,158846.63619986404
4831,0.0,160928.09823458214,196726.74678901455,185135.41409461826,150356.65350507878,167636.68836104847
4861,0.0,167034.47823537077,154200.44147832267,195449.80599681998,147205.92740998976,173579.847179939
4871,0.0,203444.59835445025,175349.5077734341,205688.7136367126,182092.82744263826,196247.28018677732
4877,0.0,160477.61225288187,176124.7515296599,166330.9701548159,187595.0335082295,30615.938174731706
4889,0.0,155366.2324794582,140300.65243645984,130277.93058208171,138880.81786751133,175607.0342485424
4903,0.0,212892.13252725796,202488.2871833566,214664.69553748885,182382.83282810528,223865.13723517637
4909,0.0,164991.2098057783,143625.11982299938,154181.1910858173,162294.5361975848,163121.2994125949
4919,0.0,87079.46210608742,93900.04633478331,92815.85412478854,80919.93487726529,94002.19906132533
4931,0.0,121284.29703232418,102801.36625250241,113294.98250002075,146382.8436772125,116354.67001203384
4933,0.0,167016.35363532935,158484.38203615585,167346.78909934373,156660.37766293966,175638.89683207343
4937,0.0,146465.66291616732,130251.13337213991,151282.75955058308,148520.55045811582,136300.31780751367
4943,0.0,165305.00272390153,199957.71437509198,180012.79953492896,197701.745423727,182076.66737964176
4951,0.0,114427.37537665063,117008.22827607232,95204.43933363669,124066.0159902373,97049.67456141587
4957,0.0,117238.97660733733,134787.68649687993,122676.15630497609,119114.29155335906,124860.60748910208
4967,0.0,126035.93424705033,137326.1259975885,142319.93818048207,114485.35001612097,135673.32419602427
4969,0.0,186186.5588428537,161594.58313534324,182116.28045281902,161787.48076772812,177941.77185851056
4973,0.0,160603.3422228757,134584.83939580535,141144.67576892202,165122.15022154903,138079.07745685912
4987,0.0,145327.49873874508,156421.62029982472,130518.87712295656,152935.72315909297,162250.89613230416
4993,0.0,121859.24605554463,119936.08420293519,131743.64345871191,134786.93372848563,108055.56421887758
4999,0.0,129998.18927650886,162331.79437258941,138635.99481517135,147510.71730732484,145366.4462506512
5003,0.0,159478.0510758498,183946.7564593143,24213.991333121852,202441.9734919032,168609.11095599437
5009,0.0,97669.3904715353,114918.98830487482,115018.3428253517,103789.0741440981,113041.70864860537
5011,0.0,118779.11610637246,133237.5545253124,134305.62863128888,126728.3909529758,127029.55277303785
5021,0.0,92296.73565891951,88853.4940865958,84075.326786168,68882.50084062859,90700.29405297643
5023,0.0,186500.99620725578,178204.53359579312,186906.38499798952,178259.84376028416,40463.8716256096
5039,0.0,85959.53727729617,99117.45490300888,86976.14953841781,101100.63861377366,83405.98327017215
5051,0.0,132232.82547309494,135479.75139455678,171891.5116713884,141134.11485054594,142190.48987093553
5059,0.0,153666.69818432647,169511.47814108705,133789.74508982114,161025.34028260427,134987.61436851282
5077,0.0,164295.5469113727,156678.3043055161,156891.94113552175,181200.20359703878,152935.22659853482
5081,0.0,169701.46056697666,156684.80630707732,155824.69725034203,152292.0629688019,120688.21618944906
5087,0.0,125068.45607747325,149076.54877012398,124574.75984536218,133377.30619658204,126467.0483658801
5099,0.0,130453.14206579688,151698.10042342823,126610.22161313193,126879.74264657187,125596.85922302722
5101,0.0,129738.58204311662,113991.4665743066,146818.7271947593,120776.27447619848,154443.79711746686
5107,0.0,109401.58217160522,108477.94815510686,109265.87673235999,98163.3809261088,99928.25759239437
5113,0.0,230142.9926494611,196555.1083988794,206520.76608359575,183159.33687200455,194094.44154320343
5119,0.0,116291.67528935608,137479.92724637827,153803.50995830225,144756.63318425446,28850.639063666757
5147,0.0,163990.37334643683,200406.29038673744,183581.92987526918,160238.5392383691,159953.5818862445
5153,0.0,137477.7870930841,143002.4108418788,130075.94130501148,177527.021836811,149816.58849104418
5167,0.0,116036.06299668462,142706.72700824175,147541.07031386907,140899.69335517072,141575.85227152327
5171,0.0,158755.7304673783,190943.92099243298,160796.8123956304,201180.37402378937,175744.58000728625
5179,0.0,181186.06144401347,196194.77379309697,197943.28776572872,194790.58037551388,191058.48468067124
5189,0.0,111010.80498827147,116517.3225427011,130314.65285688537,127728.76348807172,141617.18598715618
5197,0.0,162692.72278247392,147361.8018603432,154392.15045480165,167382.90130175796,170067.0245057486
5209,0.0,107966.24498048727,94387.35897766355,17066.815385311816,116444.81698110844,94242.0059472381
5227,0.0,140643.27913960768,135252.68416058325,131399.8856061409,137873.59413261517,117224.452789607
5231,0.0,162339.01868029722,178157.2677551876,178881.44277004976,175308.45039822455,189083.5875331242
5233,0.0,176007.72394181034,175469.61980800715,173742.99977383722,171899.69695172156,154526.59647805477
5237,0.0,169266.6003482685,204229.3216159664,164701.0372826968,172545.32606608095,203646.6472175034
5261,0.0,101322.62962467482,92164.29412184458,111092.8332835062,102886.6450635906,108149.10039498533
5273,0.0,168299.6132315314,169173.0407229137,166593.45805676543,171622.76909323406,19165.109743115143
5279,0.0,117682.35166147522,116993.35353770609,125714.80092922071,118721.9807942102,8880.32031526259
5281,0.0,130575.14624467793,150314.4962709153,163023.19455318066,174960.10588973103,152278.71352110856
5297,0.0,165962.42897081256,166586.68893575142,175194.11317594448,150700.77539894957,146023.7523390866
5303,0.0,170442.3068126856,165660.60591741867,140110.07640609614,156437.36411387386,174610.56823142772
5309,0.0,182748.96889947387,181211.2574972617,157337.82288191063,195693.0515592966,181625.14735109935
5323,0.0,124358.67504829609,115225.0126733804,150705.11577399037,148458.5638803126,142189.23168906476
5333,0.0,161638.15450956768,165689.69339797227,149430.44411894042,143308.22590967806,172793.2602290954
5347,0.0,183359.77581274952,161662.5489243697,132852.93546850968,172982.8201697808,159151.27163814908
5351,0.0,178869.0989078227,184632.24501477068,165235.7446339858,196856.12976229266,171484.48427527896
5381,0.0,136383.41156141902,179331.9949613656,175672.35371731364,172953.59697082214,30694.513888915502
5387,0.0,172135.2147946766,148761.0675941084,159199.6689667718,156134.8267012423,176636.11712889443
5393,0.0,98193.07738726895,130223.0923006157,150952.28397143073,124960.18590956241,121504.75634019868
5399,0.0,162183.75310937094,160357.30446217078,159869.69842377226,140518.87760301327,168624.2924183075
5407,0.0,159523.5083903773,167573.75891772853,187067.87328090833,204141.23726033422,205062.90947308904
5413,0.0,196581.4632159525,200497.3999844064,183661.18636257964,216532.03357824858,190036.5790355201
5417,0.0,145530.6583566593,142080.20114295077,155733.86178942866,170667.35810924988,126445.92658775249
5419,0.0,138122.6683939247,122659.1503438344,138583.57507770645,143178.0700772138,134755.58340412256
5431,122395.70201533579,116138.03584694683,126708.38928705984,9008.662636636247,115617.88062125658,105435.39022201857
5437,0.0,161733.39310427877,141264.9066019162,128081.79725216799,156739.10052180954,164913.28416433957
5441,0.0,118399.68413550305,133280.99175393605,147250.1464046635,128147.35721609546,163275.4250982656
5443,0.0,165442.08922469057,139650.31975454654,109021.70665822708,142823.73203199758,141018.6172870428
5449,0.0,135259.4791442379,127280.46104078303,132208.80321225376,105604.02778367468,126926.39267306973
5471,144298.46681632783,129174.57219501115,157038.3492781624,127754.51861037109,172779.62656720594,158276.09758930048
5477,0.0,169473.11081049687,188392.96816114127,172272.5006468657,196190.62646642287,188879.7676443901
5479,0.0,139231.6325269543,165066.73368772017,16378.240793598929,162446.86987511197,153985.05897719256
5483,0.0,182171.4255749755,196510.78247988925,15466.57100866976,185162.5726303132,44789.88649028394
5501,0.0,208306.28335457057,189679.51072254393,205819.66946442437,206676.1829218642,214634.56415636264
5503,0.0,110839.16792169958,102041.15153008464,104124.14424485376,115175.66274869775,112123.37529837165
5507,122157.4908251552,161720.03715703182,145830.99483561004,160031.71837185323,185847.25895609052,128563.49233578007
5519,0.0,139769.23514253998,118304.82997679999,154529.5204130484,180061.3410687123,21202.382034161008
5521,0.0,144947.12313709268,148608.19268316738,159039.41534960098,147787.4388085909,15512.203493040732
5527,82693.98468053523,74636.40022210173,100021.01310375321,77934.89305209942,96997.17527406792,24371.852931757596
5531,0.0,177992.75969218576,172217.4666934576,155970.42594439708,187241.99099451173,198009.74122298966
5557,0.0,171804.68286562408,151966.88863799776,179183.37844086098,149635.3727186085,174776.61526840116
5563,0.0,204035.86603612086,149600.8595271636,166625.1084638065,179481.1152315738,208934.68890156623
5569,0.0,101101.79264018324,127255.49562437081,131676.36027886433,140610.7285748174,97434.12445836434
5573,0.0,159963.1665735531,138704.15550965123,176706.4061316881,159725.99148297255,153669.62475608126
5581,0.0,144247.04838151354,161113.31036618343,153830.13574465708,155242.2405246007,154775.99560476482
5591,0.0,176062.6887144777,161180.1551772225,189926.2596482999,171606.7862720558,171681.29967007786
5623,0.0,152852.57975219516,153488.0026428064,174117.7749681654,174110.02171065897,17232.083192691738
5639,126292.97512914072,132859.54031254933,143913.14659588443,13417.856542769612,140390.63000963003,123741.32112374052
5641,0.0,192876.67855336767,159395.3604315193,207939.66288066076,179145.14678713336,145285.61126519344
5647,0.0,124872.91609300306,110240.51100610112,104327.64500024855,129757.2718442394,115805.61644691405
5651,0.0,168419.16825868102,155944.86258015817,26726.628597905496,174365.74402258755,37384.42100455671
5653,0.0,188567.3775239321,164908.08544154785,176310.5475029254,183098.68453540606,190032.27438423934
5657,0.0,193518.61700447055,198544.62377253597,159657.92901979672,188296.03810392896,191073.8962592333
5659,0.0,130231.7041792484,123170.61842631774,129563.90778154905,135757.3526989918,145973.63557439085
5669,0.0,121897.57166390942,149296.8925150209,157306.36358383074,140384.5088864357,148228.48725662124
5683,0.0,165470.8939236491,152703.55002153505,162695.44774818205,159862.9836083844,158506.64390648194
5689,0.0,83593.27970702831,88105.79508559158,80606.45459472462,73679.0359021227,108265.69075200005
5693,0.0,126380.99265489574,134320.35462853566,113795.47803155445,134407.5003332695,117557.81504030815
5701,0.0,128178.36065247009,138031.10751417238,132078.33355294337,126519.999382186,130334.0407066342
5711,0.0,98007.60455801518,130035.86791584457,108429.68465908305,117965.35532756169,128666.04085793828
5717,0.0,203841.2703393399,177723.4969251357,211883.25438070638,197563.40373413888,217054.5839521433
5737,0.0,250867.09247028473,206752.22560887915,239214.42135656072,261837.65051248815,229045.7413749552
5741,0.0,138284.85209336216,141885.73361663028,154839.76891544857,131396.87896084524,127100.898713771
5743,0.0,143478.75292236422,145348.3661238341,144329.47379619587,163961.54476063515,123454.48697456552
5749,0.0,152281.83004783254,146784.62532934253,165074.800648345,146182.88654861113,149687.67670188623
5779,0.0,182629.45531514825,200050.37533658234,170092.45886299622,189445.83923438383,161883.49683470355
5783,133578.21077301362,159694.66279423283,145902.04591484668,138717.1799820414,142866.09324853643,42043.63296389806
5791,0.0,142532.0425315352,122981.05731329073,125814.19555059737,109472.14023600021,106882.26434325965
5801,0.0,130492.50136076265,131399.87028560697,141414.38521220523,146828.74901839645,119932.79393564891
5807,0.0,93856.0957115157,94566.89749519157,93243.92504706257,100961.59475854032,74908.21756629186
5813,0.0,106182.24979035741,104915.987294655,115157.86420273245,124706.72275543214,117937.16675812463
5821,0.0,131540.97557532787,146886.4874281111,128339.31818251104,142835.34925138258,175582.8532349413
5827,0.0,98179.34885535693,110939.62870510096,138551.01951533847,142597.80834154895,127366.87350148849
5839,0.0,108985.33131049301,118633.86807710706,111993.06024852334,112577.56244307414,7982.150710306344
5843,0.0,171630.93528325733,166674.0917050034,169947.33272097626,136502.69751371315,177512.33851864494
5849,0.0,174451.19507770045,166600.03198469628,150718.60252398212,178028.093826781,43351.77462615782
5851,0.0,85279.06867387085,111642.96760300921,99525.55349899437,103745.53909947995,100517.68487611547
5857,0.0,170183.06489491914,162479.34607603907,165210.92221525405,158787.48672916545,45059.365447105956
5861,0.0,126235.86149345057,117084.18031304066,100362.6305779399,106167.38053438299,100939.82480530033
5867,0.0,111211.98930943292,135955.18629593705,114437.64524575825,119262.99001300168,137261.14183351718
5869,0.0,148008.17045121113,170997.0250886939,135596.53046251216,146014.2691042142,155331.99951012022
5879,0.0,210335.00284728943,171670.66253886247,208634.82929706888,185379.1595448814,182953.3983363365
5881,0.0,189429.82992622722,161528.99382659394,210197.80948445154,167754.28072535532,194220.18342158367
5897,0.0,173240.77722872395,163847.99157988332,175254.3221975981,177638.73054419103,157687.47729532188
5903,0.0,93739.1342122943,106820.46859936338,107579.47166495236,113335.56535309169,108967.312311804
5923,0.0,169657.57106624747,173481.9810670493,167604.9142372355,206552.4316639728,169131.35202835215
5927,0.0,83886.81217738471,113491.9613934376,89311.78330625445,98227.82045235735,84896.01299767298
5939,0.0,108854.84465566181,133060.11977922884,118490.9783066469,122601.93224874942,114749.11777051399
5953,0.0,149202.3451244222,177745.70532246144,186652.90445783082,189766.69030504455,143229.15734340844
5981,0.0,144863.44714685227,153021.31933852332,149502.33205063114,142862.69194266648,142098.09353767807
5987,0.0,115827.95174143033,127003.70328206109,114094.43477890248,104197.07413819138,89384.69719867254
